"Category","Time","Stratum","Units","Estimate","Std. Error for Estimate","Std. Error for ln(Estimate)"
"1","1982","Stratum_1"," [g]",14410785515.2246,981596105.671093,0.079277984069263
"1","1983","Stratum_1"," [g]",6552812019.14029,458251975.145736,0.0802441003835421
"1","1984","Stratum_1"," [g]",9431975405.07257,645297646.577186,0.0770492826646378
"1","1985","Stratum_1"," [g]",11945359479.0864,695647731.763442,0.0656145686571996
"1","1986","Stratum_1"," [g]",9801256209.34189,576859827.469951,0.0659986043370606
"1","1987","Stratum_1"," [g]",13228967379.1499,756400904.128826,0.0650750237871806
"1","1988","Stratum_1"," [g]",9530716694.82777,879936802.371122,0.10986824523757
"1","1989","Stratum_1"," [g]",19506745649.168,6926851646.34588,0.519830065250146
"1","1990","Stratum_1"," [g]",17758583174.0558,5369482363.52341,0.406167001100908
"1","1991","Stratum_1"," [g]",8031854704.97293,2177789397.05019,0.355130833513216
"1","1992","Stratum_1"," [g]",21166830093.9924,3318416908.99291,0.201926291455633
"1","1993","Stratum_1"," [g]",16438486134.411,2095388670.09853,0.155859556370404
"1","1994","Stratum_1"," [g]",13302934727.2606,1764371137.38917,0.167948037948418
"1","1995","Stratum_1"," [g]",13406476507.5899,1094903249.86889,0.0963786512687032
"1","1996","Stratum_1"," [g]",23583937223.5601,2061206557.41564,0.104074974526459
"1","1997","Stratum_1"," [g]",19684532615.8126,1932100976.04747,0.118928422693798
"1","1998","Stratum_1"," [g]",26740634150.6668,2507310829.1927,0.112051114761775
"1","1999","Stratum_1"," [g]",22724227326.7993,2341811960.08164,0.125933666401802
"1","2000","Stratum_1"," [g]",30113891766.2582,2357534157.34706,0.0940143540564149
"1","2001","Stratum_1"," [g]",52204036616.7769,3846092398.6035,0.0881749664144255
"1","2002","Stratum_1"," [g]",25365696789.3925,2282533047.92242,0.106497540658862
"1","2003","Stratum_1"," [g]",15492122106.2398,1602915489.74714,0.126316892498952
"1","2004","Stratum_1"," [g]",25508693901.4494,2483346072.63764,0.116374022479683
"1","2005","Stratum_1"," [g]",12330758306.4125,1123370630.25865,0.107504388696543
"1","2006","Stratum_1"," [g]",18016988300.6746,1908158808.13125,0.125734807975244
"1","2007","Stratum_1"," [g]",17042373421.4695,1665621700.45505,0.115531626604795
"1","2008","Stratum_1"," [g]",16901440005.0296,2029873280.78715,0.146882259556894
"1","2009","Stratum_1"," [g]",15257063540.6665,1207640743.94517,0.0930485751964258
"1","2010","Stratum_1"," [g]",11618285586.7289,873855049.039586,0.0909461093897374
"1","2011","Stratum_1"," [g]",11029672255.0416,768263727.239502,0.0820907912558702
"1","2012","Stratum_1"," [g]",17401567896.2656,1497811463.04451,0.101824120528357
"1","2013","Stratum_1"," [g]",24141142298.9048,2039156171.55681,0.102217208009167
"1","2014","Stratum_1"," [g]",38504812485.2908,9095280031.47265,0.326484017225479
"1","2015","Stratum_1"," [g]",26067743847.1094,2209097642.16136,0.104360533310348
"1","2016","Stratum_1"," [g]",25429776052.6578,1978735567.95995,0.0946481017251712
"1","2017","Stratum_1"," [g]",20343034226.6263,1510925081.02713,0.0893777641637663
"1","2018","Stratum_1"," [g]",27182858603.8005,2992944836.4521,0.143127402726829
"1","2019","Stratum_1"," [g]",9041903461.66978,811953985.22097,0.112023357594003
"1","2020","Stratum_1"," [g]",15760787163.658,3710614424.11411,0.321216429405887
"1","2021","Stratum_1"," [g]",11881455193.1068,1318035608.988,0.140116256493126
"1","2022","Stratum_1"," [g]",17961555830.0709,1625373583.66147,0.111285077520249
"1","2023","Stratum_1"," [g]",31003603422.5252,3622780261.21183,0.148815093289986
"1","1982","Stratum_2"," [g]",9795538614.80774,871388332.887473,0.10222815982558
"1","1983","Stratum_2"," [g]",4337430159.43723,358773813.907557,0.0936097342595408
"1","1984","Stratum_2"," [g]",6931816938.1949,534546460.556691,0.0850996614434544
"1","1985","Stratum_2"," [g]",9908178618.1862,639539433.445467,0.0722054743241082
"1","1986","Stratum_2"," [g]",8030692507.74414,537430574.528638,0.0743852111636512
"1","1987","Stratum_2"," [g]",10474623569.6134,667714848.420057,0.0709197146258049
"1","1988","Stratum_2"," [g]",8034058055.19999,810744381.018408,0.11888232431489
"1","1989","Stratum_2"," [g]",15458021705.8775,6743330895.37127,0.666312132787172
"1","1990","Stratum_2"," [g]",15451966612.6941,5285199466.72618,0.465818525776548
"1","1991","Stratum_2"," [g]",5754391418.07486,2102747823.00026,0.503446477170572
"1","1992","Stratum_2"," [g]",17244843492.3242,3279705421.14255,0.248619051680777
"1","1993","Stratum_2"," [g]",13583451321.0247,2066920793.33925,0.186028330043128
"1","1994","Stratum_2"," [g]",9846373667.15825,1728982051.88851,0.229721881180201
"1","1995","Stratum_2"," [g]",10245158829.8688,985771444.040737,0.11226729730131
"1","1996","Stratum_2"," [g]",18746564306.4795,1857441380.48418,0.116189594525992
"1","1997","Stratum_2"," [g]",15523395293.8004,1789249364.39088,0.138329337346101
"1","1998","Stratum_2"," [g]",22012109310.5149,2366243674.28553,0.127281594735067
"1","1999","Stratum_2"," [g]",17231240352.3685,2147592704.37108,0.151093128735812
"1","2000","Stratum_2"," [g]",20554126947.2587,2002230139.4424,0.116042197537878
"1","2001","Stratum_2"," [g]",30849483578.9126,2748253068.18205,0.10451681442549
"1","2002","Stratum_2"," [g]",19953399072.6169,2113581775.2376,0.125515919701034
"1","2003","Stratum_2"," [g]",13252961099.5704,1510084902.45793,0.139181781001039
"1","2004","Stratum_2"," [g]",21337155714.6695,2391921666.38744,0.132816787865425
"1","2005","Stratum_2"," [g]",10654385391.5141,1099156509.79156,0.121303257968412
"1","2006","Stratum_2"," [g]",16049411792.5612,1856033960.92487,0.136975007682745
"1","2007","Stratum_2"," [g]",14621837002.5704,1622195923.58606,0.130565168929374
"1","2008","Stratum_2"," [g]",15377351746.1761,1997983594.1295,0.159146061619129
"1","2009","Stratum_2"," [g]",12148238709.0824,1137794705.48591,0.109468636650378
"1","2010","Stratum_2"," [g]",5293020181.85516,479771898.45976,0.10733292368716
"1","2011","Stratum_2"," [g]",6593559257.75475,600717963.385904,0.107493319557117
"1","2012","Stratum_2"," [g]",13089859637.1628,1396829334.90012,0.124808929111457
"1","2013","Stratum_2"," [g]",16040278724.6343,1669508764.12305,0.12332667229765
"1","2014","Stratum_2"," [g]",31559599702.6094,8952843396.88284,0.39786006849597
"1","2015","Stratum_2"," [g]",14754101352.9373,1633502147.17995,0.134087196257039
"1","2016","Stratum_2"," [g]",12962137709.4013,1425061829.1049,0.13347911267612
"1","2017","Stratum_2"," [g]",13271926224.342,1182715731.00945,0.104270552694532
"1","2018","Stratum_2"," [g]",14019262908.7943,1891643495.39748,0.16798556115913
"1","2019","Stratum_2"," [g]",5927107763.31246,657963400.617935,0.136003564303856
"1","2020","Stratum_2"," [g]",11698019269.5818,2261840630.6063,0.251828230943958
"1","2021","Stratum_2"," [g]",8590136950.62881,1149013590.02992,0.167115150963491
"1","2022","Stratum_2"," [g]",10008018978.1752,1177164560.58254,0.142494062876378
"1","2023","Stratum_2"," [g]",18907389131.113,2587772494.50252,0.172634404029626
"1","1982","Stratum_3"," [g]",2281664232.71934,239745288.346991,0.118565326800928
"1","1983","Stratum_3"," [g]",1311028897.20965,160586122.041703,0.139312169186068
"1","1984","Stratum_3"," [g]",1412714676.02518,208307693.035373,0.169049111830096
"1","1985","Stratum_3"," [g]",1243989073.77741,143840310.788109,0.130118458834427
"1","1986","Stratum_3"," [g]",1054212142.86603,122308116.131539,0.131591219158854
"1","1987","Stratum_3"," [g]",968915358.155071,111192351.012457,0.129127447703231
"1","1988","Stratum_3"," [g]",779660756.771755,140171126.589024,0.220559401563437
"1","1989","Stratum_3"," [g]",2051403656.98362,235492369.432218,0.131746705634551
"1","1990","Stratum_3"," [g]",1147519809.28641,162985168.916648,0.156277956087477
"1","1991","Stratum_3"," [g]",1639690054.41309,143275400.643515,0.0940057756224312
"1","1992","Stratum_3"," [g]",1733868045.74494,157973148.978003,0.100609014305643
"1","1993","Stratum_3"," [g]",1262239708.10679,115966965.04687,0.102288844664519
"1","1994","Stratum_3"," [g]",2094478955.90786,189109855.601193,0.100449250348956
"1","1995","Stratum_3"," [g]",1145060521.83644,204362574.652867,0.207552726320446
"1","1996","Stratum_3"," [g]",1411833058.48857,295304066.525287,0.247116222022315
"1","1997","Stratum_3"," [g]",1548712849.7315,285915604.189583,0.214639174217225
"1","1998","Stratum_3"," [g]",1833025796.75352,305448680.845739,0.191345471604553
"1","1999","Stratum_3"," [g]",1869941375.31282,360369629.802947,0.223947184472286
"1","2000","Stratum_3"," [g]",5529651031.25582,723050200.822707,0.152649641243294
"1","2001","Stratum_3"," [g]",12010658325.3414,1483280635.06983,0.142477983146359
"1","2002","Stratum_3"," [g]",3711972238.93657,489227619.147207,0.151733895148685
"1","2003","Stratum_3"," [g]",1457952691.9234,257342653.398336,0.210738357703945
"1","2004","Stratum_3"," [g]",2284352580.59215,371980957.153923,0.19182315552862
"1","2005","Stratum_3"," [g]",937777963.518123,117412971.950353,0.144289040294296
"1","2006","Stratum_3"," [g]",1262537666.60472,225340452.387085,0.208907600477549
"1","2007","Stratum_3"," [g]",1375408476.00643,178284407.68461,0.14933043380313
"1","2008","Stratum_3"," [g]",1140673867.08018,212818704.313265,0.220957700451618
"1","2009","Stratum_3"," [g]",1515496466.92732,177355573.394009,0.132609165159209
"1","2010","Stratum_3"," [g]",2987390163.44046,314820143.960249,0.119246566428955
"1","2011","Stratum_3"," [g]",3068161925.91772,328981697.042534,0.121124596024306
"1","2012","Stratum_3"," [g]",2569286316.46852,316243623.710646,0.14132755111808
"1","2013","Stratum_3"," [g]",3295730592.12692,457290428.495026,0.163013526533205
"1","2014","Stratum_3"," [g]",3244334792.80692,564536544.654259,0.212741971135654
"1","2015","Stratum_3"," [g]",4807187330.19927,656754657.015153,0.160408075680189
"1","2016","Stratum_3"," [g]",5285397927.42511,661886550.610762,0.14520748775738
"1","2017","Stratum_3"," [g]",2852459928.15793,313360065.621528,0.12528068253134
"1","2018","Stratum_3"," [g]",3658049024.16001,476383417.310431,0.154432652743126
"1","2019","Stratum_3"," [g]",1187472242.69505,164851541.233438,0.164088781101788
"1","2020","Stratum_3"," [g]",2104192523.40878,1159386947.45035,0.834695224947895
"1","2021","Stratum_3"," [g]",1302707441.13448,222095425.070251,0.207861300584664
"1","2022","Stratum_3"," [g]",3973314028.28814,599787931.290434,0.177878003418769
"1","2023","Stratum_3"," [g]",6004153674.81954,987444014.618902,0.197734744764777
"1","1982","Stratum_4"," [g]",1649670415.1193,251729673.942289,0.190807259268702
"1","1983","Stratum_4"," [g]",693330585.220209,120014837.460456,0.213547262803612
"1","1984","Stratum_4"," [g]",852991324.998168,158050472.535568,0.232013585619643
"1","1985","Stratum_4"," [g]",690263394.869057,147017277.110507,0.259618535363748
"1","1986","Stratum_4"," [g]",551480999.924807,96584211.4117404,0.212366301185395
"1","1987","Stratum_4"," [g]",1134265400.33914,250201452.895352,0.292767838581991
"1","1988","Stratum_4"," [g]",577247611.276733,129874959.69919,0.285618716746267
"1","1989","Stratum_4"," [g]",1517490876.82087,370067904.141106,0.328898072117718
"1","1990","Stratum_4"," [g]",785344441.685291,211047273.323041,0.351485551188505
"1","1991","Stratum_4"," [g]",370906755.262325,113185634.579995,0.423538267224717
"1","1992","Stratum_4"," [g]",1524107408.99827,272288918.944065,0.227624942943572
"1","1993","Stratum_4"," [g]",871575961.03813,145581397.872612,0.215112444641617
"1","1994","Stratum_4"," [g]",929407893.321258,131260339.212858,0.169089514180129
"1","1995","Stratum_4"," [g]",1488108832.29744,254830716.812832,0.214584920679536
"1","1996","Stratum_4"," [g]",2312383441.73119,493200302.278583,0.275594911440595
"1","1997","Stratum_4"," [g]",1589796945.35738,337598034.076286,0.280153115775414
"1","1998","Stratum_4"," [g]",2118849718.22384,451196198.43042,0.281794360260489
"1","1999","Stratum_4"," [g]",2630060528.66886,523623885.288132,0.260154840524602
"1","2000","Stratum_4"," [g]",2818498807.22326,521873777.007109,0.24028354849585
"1","2001","Stratum_4"," [g]",6897596627.37361,1485771574.61382,0.288177482305697
"1","2002","Stratum_4"," [g]",1463536910.5261,300876081.896988,0.253693965804549
"1","2003","Stratum_4"," [g]",672866177.036161,163930301.250011,0.305408347702898
"1","2004","Stratum_4"," [g]",1186878527.55808,251171140.15898,0.283448990383237
"1","2005","Stratum_4"," [g]",380427995.385788,70050818.8592367,0.232250616109928
"1","2006","Stratum_4"," [g]",473006811.353888,100853227.629317,0.267957742074311
"1","2007","Stratum_4"," [g]",778458284.359383,148873543.575921,0.246012103862709
"1","2008","Stratum_4"," [g]",336219170.055592,69047887.8475081,0.255949023113949
"1","2009","Stratum_4"," [g]",1042790335.78523,195103876.903272,0.232023910096083
"1","2010","Stratum_4"," [g]",2291553118.40567,462292737.014687,0.26233622310122
"1","2011","Stratum_4"," [g]",1041025806.84668,208742051.407648,0.25635775877722
"1","2012","Stratum_4"," [g]",1229136497.7837,257665300.349478,0.282591707794663
"1","2013","Stratum_4"," [g]",3456650625.43729,651419118.854708,0.242179998869406
"1","2014","Stratum_4"," [g]",2383945951.4761,518549891.587305,0.291600114373091
"1","2015","Stratum_4"," [g]",4741526707.69681,878075294.840348,0.241194986946449
"1","2016","Stratum_4"," [g]",5604191385.83601,845644949.158618,0.187031321480603
"1","2017","Stratum_4"," [g]",2546430301.28281,509462358.976698,0.266603062007057
"1","2018","Stratum_4"," [g]",6155769925.98484,1387046634.08255,0.312598563563623
"1","2019","Stratum_4"," [g]",1351987410.17839,287421020.479006,0.284984195927805
"1","2020","Stratum_4"," [g]",1413965221.26823,767078367.800691,0.883493087368377
"1","2021","Stratum_4"," [g]",1577132850.94545,337756556.10681,0.285745414617396
"1","2022","Stratum_4"," [g]",2615712575.8098,509595110.993943,0.257142498468053
"1","2023","Stratum_4"," [g]",5282449187.89481,1348824144.45853,0.352998932580356
"1","1982","Stratum_5"," [g]",683912252.578159,126358021.40821,0.244688944037152
"1","1983","Stratum_5"," [g]",211022377.273187,35425566.1307959,0.216860072205662
"1","1984","Stratum_5"," [g]",234452465.854307,41068623.6931954,0.227820348934693
"1","1985","Stratum_5"," [g]",102928392.253682,25142397.6808865,0.344049784462183
"1","1986","Stratum_5"," [g]",164870558.806919,31352189.4736858,0.238846893721461
"1","1987","Stratum_5"," [g]",651163051.042327,123531913.3456,0.250710351967345
"1","1988","Stratum_5"," [g]",139750271.579306,38319879.2997782,0.386848106168101
"1","1989","Stratum_5"," [g]",479829409.48604,208552591.651182,0.713715917637237
"1","1990","Stratum_5"," [g]",373752310.389962,161895903.604772,0.702435845188386
"1","1991","Stratum_5"," [g]",266866477.222642,120577836.991751,0.733883098884358
"1","1992","Stratum_5"," [g]",664011146.924967,150742690.595893,0.316868139560789
"1","1993","Stratum_5"," [g]",721219144.241432,167651961.183459,0.320676193555768
"1","1994","Stratum_5"," [g]",432674210.873275,99030295.2011803,0.309347718716944
"1","1995","Stratum_5"," [g]",528148323.587261,95702605.7467365,0.234751219838185
"1","1996","Stratum_5"," [g]",1113156416.86085,234883544.337455,0.281589653640302
"1","1997","Stratum_5"," [g]",1022627526.92336,213381377.29449,0.275656570045316
"1","1998","Stratum_5"," [g]",776649325.17447,160257050.950761,0.27236175748576
"1","1999","Stratum_5"," [g]",992985070.449048,205925888.226839,0.270960376699995
"1","2000","Stratum_5"," [g]",1211614980.52049,251711806.687933,0.275570601892949
"1","2001","Stratum_5"," [g]",2446298085.14928,559545165.230325,0.318342782875412
"1","2002","Stratum_5"," [g]",236788567.312797,42388860.0380009,0.231191864510373
"1","2003","Stratum_5"," [g]",108342137.709927,24185287.372337,0.294941601603627
"1","2004","Stratum_5"," [g]",700307078.629648,155639570.38647,0.308284251051266
"1","2005","Stratum_5"," [g]",358166955.994474,75644680.708819,0.27713485575108
"1","2006","Stratum_5"," [g]",232032030.154707,48575245.0022123,0.284306358930036
"1","2007","Stratum_5"," [g]",266669658.533316,65145034.2900346,0.336554559783559
"1","2008","Stratum_5"," [g]",47195221.7177739,12359971.2298722,0.381573982840041
"1","2009","Stratum_5"," [g]",550538028.871509,124718813.442355,0.306811256981306
"1","2010","Stratum_5"," [g]",1046322123.02756,256168202.822976,0.347931962607419
"1","2011","Stratum_5"," [g]",326925264.522449,69575032.5981748,0.289937661368322
"1","2012","Stratum_5"," [g]",513285444.850555,119778138.300043,0.32496272057335
"1","2013","Stratum_5"," [g]",1348482356.70628,433309154.712847,0.47257392916811
"1","2014","Stratum_5"," [g]",1316932038.39838,352640654.535043,0.381701337295207
"1","2015","Stratum_5"," [g]",1764928456.27608,451789550.535218,0.361212228501534
"1","2016","Stratum_5"," [g]",1578049029.99539,349092040.118398,0.303472564937742
"1","2017","Stratum_5"," [g]",1672217772.84356,503068186.287132,0.437461959815551
"1","2018","Stratum_5"," [g]",3349776744.86141,1247714800.03868,0.58621611102535
"1","2019","Stratum_5"," [g]",575336045.483902,145663499.127152,0.366874553677377
"1","2020","Stratum_5"," [g]",544610149.39909,299445499.779793,0.957154238532091
"1","2021","Stratum_5"," [g]",411477950.39805,109158918.067426,0.38894957789428
"1","2022","Stratum_5"," [g]",1364510247.79782,301459407.632632,0.304295849138336
"1","2023","Stratum_5"," [g]",809611428.697826,211357405.115473,0.391803223330138
